mispellings,actual word
blitzkrieg,blitzkreig
carcass,carcas
champagne,champange
enlist,enlish
game,gae
going,gogin
liaison,liason
veranda,meranda
original,orginal
time,tiem
lot,alot
abandon,abondon
abandoned,abondoned
abandoning,abondoning
abandons,abondons
aberration,aberation
bout,baout
bout,boaut
absence,absense
absorbed,asorbed
absorption,absorbsion
absorption,absorbtion
abuts,abutts
acceptable,acceptible
accessible,accessable
ascension,accension
accidentally,accidently
acclimatization,acclimitization
accommodate,accomadate
accommodate,accomodate
accommodated,accomadated
accommodated,accomodated
accommodates,accomadates
accommodates,accomodates
accommodating,accomadating
accommodating,accomodating
accommodation,accomadation
accommodation,accomodation
accommodations,accomodations
accompanied,accompanyed
accomplish,acomplish
accomplished,acomplished
accomplishment,acomplishment
accomplishments,acomplishments
according,acording
accuracy,acuracy
accused,accussed
accustom,acustom
accustomed,acustommed
achieve,acheive
archive,achive
achieved,acheived
archived,achived
achievement,acheivement
achievement,acheivment
achievement,achievment
achievements,acheivements
achievements,acheivments
achievements,achievments
achieves,acheives
achieving,acheiving
acquaintance,acquaintence
acquaintance,acquiantence
acquaintance,aquaintance
acquaintance,aquiantance
acquaintances,acquaintences
acquaintances,acquiantences
acquainted,aquainted
acquire,adquire
acquire,aquire
acquired,adquired
acquired,aquired
acquires,adquires
acquiring,adquiring
acquiring,aquiring
acquisition,aquisition
acquitted,acquited
acquitted,aquitted
across,accross
actually,actualy
adaptation,adaption
adaptations,adaptions
address,addres
additionally,additinally
address,adres
address,adress
addressable,addresable
addressable,adresable
addressable,adressable
addressing,addresing
addressing,adresing
dressing,adressing
adequate,adecuate
adhering,adhearing
administrate,adminstrate
administration,adminstration
administrative,adminstrative
admissibility,admissability
admissible,admissable
admission,addmission
adolescent,adolecent
adopt,addopt
adopted,addopted
adoptive,addoptive
advertisement,advertisment
advertisements,advertisments
advised,adviced
aerial,aeriel
aerials,aeriels
effort,affort
effort,efford
efforts,effords
aficionado,afficionado
aficionados,afficionados
again,agian
vagina,agina
aggravate,agravate
aggregate,agregate
aggregates,agregates
aggression,agression
aggressive,agressive
aggressively,agressively
aggrieved,agrieved
agree,agre
agreed,agred
agreeing,agreing
agreement,aggreement
agriculturist,agriculturalist
airborne,airbourne
airports,airporta
alcohol,alchohol
alcoholic,alcoholical
algebraic,algebraical
algorithm,algoritm
algorithms,algoritms
allege,alege
allege,alledge
alleged,aleged
alleged,alledged
alleges,alledges
allegiance,alegience
allegiance,allegience
alleviate,alliviate
allophone,allopone
allophones,allopones
allotted,alotted
illusion,alusion
almost,almsot
almost,alomst
already,alreayd
also,alsot
also,aslo
although,altho
although,althought
although,altough
always,alwasy
always,alwyas
armature,amature
amend,ammend
amendment,admendment
amendment,amendmant
amendment,ammendment
among,amoung
annual,anual
analogous,analagous
analogous,analogeous
analytic,analitic
and,anbd
androgynous,androgenous
androgyny,androgeny
annihilation,anihilation
announced,anounced
annulled,annuled
anoint,annoint
anointed,annointed
anointing,annointing
anoints,annoints
anomalies,anomolies
anomalous,anomolous
anomaly,anomoly
anonymity,anonimity
anything,anytying
anywhere,anyhwere
apart,appart
apartment,appartment
apartments,appartments
apologetics,apolegetics
apologies,appologies
apology,appology
appealing,appealling
apparent,aparent
apparent,apparant
appearance,appearence
appearances,appearences
application,aplication
appreciate,apprieciate
approaches,approachs
appropriate,appropiate
approximately,approximitely
approximately,aproximately
upon,apon
arbitrarily,arbitarily
arbitrary,arbitary
archeologist,archeaologist
archeologists,archeaologists
archeology,archaoelogy
archeology,archaology
archetype,archtype
archetypes,archtypes
architect,archetect
architects,archetects
architectural,archetectural
architecturally,archetecturally
architecture,archetecture
arrangement,arangement
erected,erested
article,artical
article,articel
artificial,artifical
artificially,artifically
artillery,artillary
ascetic,asetic
expects,spects
assassin,assasin
assassinate,assasinate
assassinated,assasinated
assassinates,assasinates
assassination,assasination
assassinations,assasinations
assassins,assasins
assemble,assemple
assistant,assitant
associated,asociated
asteroid,asteriod
asymmetric,assymetric
atheistic,atheistical
attained,attaindre
attempt,attemt
attempted,attemted
attempting,attemting
attempts,attemts
attendance,attendence
attendant,attendent
attendants,attendents
attitude,attitide
attribute,atribute
attributes,atributes
audience,audeince
author,autor
autobiographic,authobiographic
autobiography,authobiography
auxiliary,auxilliary
available,avalable
available,avaliable
averaged,averageed
aviation,avation
away,awya
backward,ackward
back,bakc
back,bcak
bandwidth,bandwith
bankruptcy,bankrupcy
barbecue,barbeque
basically,basicaly
basically,basicly
beautiful,beatiful
beautiful,beautyfull
became,becamae
because,beacuse
because,becasue
because,becouse
because,becuase
becoming,becomming
before,befoer
begin,beggin
beginner,begginer
beginners,begginers
beginning,beggining
beginning,begining
beginning,beginnig
beginnings,begginings
belief,beleif
believes,belives
believe,beleive
believed,beleived
believes,beleives
believing,beleiving
beneficial,benificial
beneficiary,beneficary
benefit,benifit
benefits,benifits
besiege,beseige
besieged,beseiged
besieging,beseiging
bestiality,beastiality
between,vetween
bilaterally,bilateraly
binomial,binominal
blame,blaim
blamed,blaimed
blessing,blessure
boundary,bondary
boundary,boundry
breakthrough,breakthough
brilliant,briliant
broadly,broady
buffaloes,buffalos
bureaucracy,beaurocracy
during,buring
business,buisness
businesses,busineses
business,busness
caisson,casion
calculate,caluclate
calculate,caluculate
calculate,calulate
calculated,caluclated
calculated,caluculated
calculated,calulated
calendar,calender
calligraphy,caligraphy
campaign,campain
campaigns,campains
cant,cant
candidate,candadate
canister,cannister
canisters,cannisters
canonical,cannonical
capability,caperbility
caring,careing
carnivorous,carniverous
cartilage,cartilege
cartilage,cartilidge
cartographer,carthographer
cartridge,cartrige
cassette,casette
cassowary,cassawory
cassowary,cassowarry
casualties,casulaties
casualties,causalities
casualty,casulaty
categories,catagories
category,catagory
caterpillar,catterpilar
caterpillars,catterpilars
catholic,cathlic
cemeteries,cemetaries
cemetery,cemetarey
cemetery,cemetary
censure,censur
censure,sensure
census,cencus
centuries,centruies
century,centruy
ceremonial,cerimonial
ceremonies,cerimonies
ceremonious,cerimonious
ceremony,cerimony
keratin,ceratin
certainty,certainity
servile,cervial
chairman,chariman
character,carachter
character,charachter
characteristics,charistics
characterized,charaterized
characters,charachters
charismatic,carismatic
chaser,chasr
sheet,sheat
chemical,chemcial
chemically,chemcially
chemically,chemicaly
chemistry,chemestry
chief,cheif
childbirth,childbird
children's,childrens
chosen,choosen
church,curch
circuit,ciricuit
civilian,civillian
claims,claimes
clear,claer
sclera,clera
clearance,cleareance
clearer,claerer
clearly,claerly
clinical,clincial
clinically,clinicaly
could,coudl
coast,caost
collateral,colateral
colleague,collegue
colleagues,collegues
collectible,collectable
colonies,collonies
colonnade,collonade
colony,collony
coloration,colouration
colossal,collosal
comeback,comback
coming,comming
commander,comander
commando,comando
commandos,comandos
commandos,commandoes
commemorated,commmemorated
commemorative,commemerative
commercial,commericial
commercially,commericially
commission,comision
commission,comission
commission,commision
commissioned,comisioned
commissioned,comissioned
commissioned,commisioned
commissioner,comisioner
commissioner,comissioner
commissioner,commisioner
commissioning,comisioning
commissioning,comissioning
commissioning,commisioning
commissions,comisions
commissions,comissions
commissions,commisions
committed,comited
committed,comitted
committed,commited
committee,comittee
committee,commitee
committee,committe
committing,comiting
committing,comitting
committing,commiting
commonly,commongly
communication,communciation
comparative,comparitive
comparison,comparision
compatibility,compatiblity
competence,competance
competent,competant
competent,compitent
completion,competion
competitive,competive
compiler,complier
comprehensive,comphrehensive
compromise,comprimise
concentrate,consentrate
concentrated,consentrated
concentrates,consentrates
concept,consept
concern,consern
concerned,conserned
concerning,conserning
condemned,condemmed
condition,condidtion
conditions,condidtions
confidential,confidental
confidentially,confidentally
conform,coform
congressional,congresional
conjecture,conjecutre
connived,conived
connotation,cannotation
connotations,cannotations
conqueror,conquerer
conquerors,conquerers
conscious,concious
consciously,conciously
consciousness,conciousness
consensus,concensus
consent,conscent
conservative,conservitive
consider,concider
consider,consdider
considered,concidered
considered,consdidered
considered,considerd
considers,conciders
consolidate,consolodate
consolidated,consolodated
consonant,consonent
consonants,consonents
consortium,consorcium
constant,constatn
constantly,constanly
constituencies,consituencies
constituency,consituency
constituent,constituant
constituents,constituants
constitution,consitution
constitution,constituion
constitution,costitution
constitutional,consitutional
constitutional,constituional
constraints,constaints
construction,constuction
consummate,consumate
consummated,consumated
contains,containes
contains,countains
contaminate,contaiminate
contemporary,contemporaneus
contemporaries,contamporaries
contemporary,contamporary
continuing,continueing
continuous,continous
continuously,continously
contributor,contributer
contributors,contributers
control,controll
controlled,controled
controlling,controling
controls,controlls
controversial,contravercial
controversial,controvercial
controversies,controveries
controversy,contraversy
controversy,controvercy
controversy,controvery
convenient,conveinent
convenient,convienient
conventional,convential
conversion,convertion
coveted,coverted
converter,convertor
converters,convertors
conveyor,conveyer
corporation,coorperation
coordination,coordiantion
coy,cpoy
copyright,copywrite
corporate,corparate
correspond,corrispond
corresponded,corrisponded
correspondent,correspondant
correspondent,corrispondant
correspondents,correspondants
correspondents,corrispondants
corresponding,correponding
corresponding,correposding
corresponding,corrisponding
corresponds,corrisponds
corrosion,corosion
sold,sould
counselor,councellor
counselors,councellors
countries,ocuntries
country,ocuntry
couturier,coururier
covenant,convenant
created,creaeted
criterion,critereon
criticize,critisize
criticized,critisized
criticizes,critisizes
criticizing,critising
criticizing,critisizing
criticism,critisism
criticisms,critisisms
critics,criticists
crucifixion,crucifiction
cruises,crusies
culminating,culiminating
cumulative,cumulatative
currently,currenly
cyan,cxan
dial,dael
doubt,doub
debatable,debateable
deceived,decieved
decidable,decideable
decide,deside
decidedly,decidely
insidious,ecidious
decipher,decypher
deciphered,decyphered
decision,descision
decisions,descisions
decompose,decomposit
decomposed,decomposited
decomposes,decomposits
decomposing,decompositing
defiance,definance
define,deffine
defined,deffined
definite,definate
definite,definit
definitely,definately
definitely,definatly
definitely,definetly
definitely,definitly
deities,dieties
deity,diety
demographic,demographical
denigrating,denegrating
dependence,dependance
dependency,dependancy
dependent,dependant
derived,deriviated
derived,dirived
derogatory,derogitory
descendant,decendant
descendant,descendent
descendants,decendants
descendants,decendents
descendants,descendents
describe,decribe
describe,discribe
described,decribed
described,discribed
describes,decribes
describes,discribes
describing,decribing
describing,discribing
desiccated,dessicated
designed,desgined
designed,dessigned
desirable,desireable
despair,dispair
disparate,desparate
desperation,despiration
despicable,dispicable
despite,dispite
story,stroy
destructive,distructive
detached,detatched
detailed,detailled
determining,determinining
detrimental,detremental
develop,develope
developed,developped
development,devolopement
device,divice
didn't,didnt
idea,diea
different,diferent
different,diferrent
different,diffrent
difficulties,dificulties
difficulty,dificulty
dimension,dimention
dimensions,dimenions
dimensions,dimentions
diphthong,diphtong
diphthong,dipthong
diphthongs,diphtongs
diphthongs,dipthongs
directly,driectly
disagreement,dissagreement
disappear,dissapear
disappear,dissappear
disappeared,dissapeared
disappearing,dissapearing
disappears,dissapears
disappears,dissappears
disapproval,disaproval
disaster,diaster
disastrous,disasterous
discontent,discontentment
discover,dicover
discovered,dicovered
discovering,dicovering
discovers,dicovers
discovery,dicovery
discuss,descuss
disintegrated,desintegrated
disintegration,desintegration
disobedience,disobediance
disobedience,dissobediance
disobedience,dissobedience
disobedient,disobediant
disobedient,dissobediant
disobedient,dissobedient
disparagingly,disparingly
dispense,dispence
dispensed,dispenced
dispensing,dispencing
dissatisfaction,disatisfaction
dissatisfied,disatisfied
dissemination,disemination
dissolved,disolved
distinguish,distingish
distinguished,distingished
distinguishes,distingishes
distinguishing,distingishing
diverse,diversed
divide,devide
divided,devided
division,divison
divisions,divisons
document,doccument
documented,doccumented
documents,doccuments
does,doens
doesn't,doesnt
doing,doign
doing,donig
dominant,dominent
dominant,dominiant
dream,deram
dramatic,dramtic
dreams,dreasm
drink,drnik
drumming,druming
dukedom,dukeship
during,durring
dying,dieing
earned,earnt
electric,electic
eclipse,eclispe
efficient,effecient
efficient,efficent
efficiently,effeciently
efficiently,efficently
effluence,effulence
eighth,eigth
electron,electon
electrical,electrial
electrically,electricly
electricity,electricty
elementary,elimentary
elephant,elphant
elicited,elicided
eligible,eligable
eliminated,eleminated
eliminating,eleminating
else,esle
emanate,eminate
embarrass,embarass
embarrass,embarras
embarrassed,embarassed
embarrassed,embarrased
embarrassing,embarassing
embarrassing,embarrasing
embarrassment,embarassment
embarrassment,embarrasment
embezzled,embezelled
immigrant,imigrant
emigrated,emmigrated
immigrated,imigrated
immigration,imigration
imminent,emminent
imminent,imanent
imminent,iminent
eminently,emminently
emissaries,emmisaries
emissaries,emmisarries
emissary,emmisarry
emissary,emmisary
emission,emision
emotion,emition
emission,emmision
emitted,emited
emitted,emmited
emitted,emmitted
emitting,emiting
emitting,emmiting
emitting,emmitting
emphysema,emphysyma
empirical,emperical
imperial,empirial
enamored,enamoured
encryption,encryptiion
engineer,engeneer
engineer,engieneer
engineering,engeneering
engineers,engieneers
enlargement,enlargment
enlargements,enlargments
enmity,emnity
enormous,enourmous
enormously,enourmously
entertaining,intertaining
entrepreneur,entrepeneur
entrepreneurs,entrepeneurs
innumerable,inumerable
environment,enviorment
environment,enviornment
environment,enviroment
environmental,enviormental
environmental,enviornmental
environmental,enviromental
environmentalist,enviornmentalist
environmentalist,enviromentalist
environmentally,enviormentally
environmentally,enviornmentally
environmentally,enviromentally
environments,enviorments
environments,enviornments
environments,enviroments
equatorial,equitorial
equilibrium,equilibium
equilibrium,equilibrum
equipment,equippment
equipped,equiped
erratic,eratic
erratically,eraticly
essence,essense
essential,esential
essential,essencial
essential,essentual
essential,essesital
those,ethose
every,eveyr
evidently,evidentally
evil,efel
exacerbate,exerbate
exacerbated,exerbated
exaggerate,exagerate
exaggerate,exagerrate
exaggerated,exagerated
exaggerated,exagerrated
exaggerates,exagerates
exaggerates,exagerrates
exaggerating,exagerating
exaggerating,exagerrating
exalted,exhalted
example,exemple
example,exmaple
exceeded,excedded
excel,excell
excellent,exelent
excels,excells
excerpt,exerpt
excerpts,exerpts
execute,excecute
executed,excecuted
executes,excecutes
executing,excecuting
execution,excecution
exempt,exampt
exerted,extered
exhibition,exibition
exhibitions,exibitions
existence,existance
existent,existant
exoskeleton,exoskelaton
expel,expell
expels,expells
explain,expalin
exploitative,exploititive
extinct,extint
external,exerternal
extraordinarily,extrordinarily
extraordinary,extrordinary
extraterrestrial,extraterrestial
extravagant,extravagent
years,eyars
facilitate,faciliate
facilitated,faciliated
fanaticism,fanatism
fascinated,facinated
feasible,feasable
phial,fiel
phials,fiels
fictitious,ficticious
fictitious,fictious
filament,filiament
finally,fianlly
finally,finaly
financially,financialy
find,fidn
flirts,firts
freed,fleed
flourish,fluorish
fluorescent,florescent
forbade,forbad
forehead,forhead
foreign,foriegn
foremost,formost
forerunner,forunner
forfeit,forfiet
from,fomr
formalize,formallize
formalized,formallized
forty,fourty
fought,faught
fought,fougth
found,foudn
foundries,foundaries
foundry,foundary
friend,freind
friends,firends
fundamental,fundametal
fundamentals,fundametals
fungi,funguses
further,furuther
gases,gasses
genealogies,geneologies
genealogy,geneology
generally,generaly
genitalia,genialia
goddess,godess
goddesses,godesses
going,goign
going,gonig
ogling,oging
guard,gaurd
government,goverment
government,govorment
governmental,govermental
governmental,govormental
governor,gouvener
governor,governer
graffiti,grafitti
grammar,grammer
grammatically,gramatically
grammatically,grammaticaly
grateful,greatful
gratefully,greatfully
gratuitous,gratuitious
great,gerat
great,graet
great,grat
grief,greif
grow,grwo
guanine,gunanine
guarantee,guarentee
guaranteed,garanteed
guaranteed,guarenteed
guaranteed,guranteed
guarantees,guarentees
guerrilla,guerrila
guerrillas,guerrilas
guidance,guidence
guttural,guttaral
guttural,gutteral
happen,ahppen
happen,hapen
happened,hapened
happened,happended
happening,hapening
harass,harras
harass,harrassing
harassed,harased
harassed,harrased
harasses,harases
harasses,harrases
harassing,harrasing
harassment,harasment
harassment,harrasment
hare,hace
have,ahev
have,ahve
heave,haev
have,hvae
heave,hvea
having,hvaing
inheritance,inheritage
heroes,heros
heterogeneous,heterogenous
wholly,wholy
hydrophilic,hydropilic
hydrophobic,hydropobic
hygiene,hygeine
hypocrisy,hypocracy
hypocrisy,hypocrasy
hypocrisy,hypocricy
hypocrite,hypocrit
hypocrites,hypocrits
iconoclastic,iconclastic
idea,idae
ideas,idaes
ides,idesa
identical,identicial
ideologies,idealogies
ideology,idealogy
idiosyncratic,ideosyncratic
illegitimacy,illegimacy
illegitimate,illegitmate
illogical,ilogical
illusion,illution
imaginary,imaginery
imaginary,imagenary
imagine,imagin
imbalance,inbalance
imitate,immitate
imitated,immitated
imitating,immitating
imitator,immitator
immediately,emmediately
immediately,imediately
immediately,immediatley
immediately,immidately
immediately,immidiately
immense,imense
immigrant,inmigrant
immigrants,inmigrants
impeach,inpeach
impedance,impedence
impolite,inpolite
imprisonment,inprisonment
improvisation,improvision
inaccessible,inaccessable
inappropriate,inappropiate
incompatibility,incompatiblity
incompetence,incompetance
incompetent,incompetant
incorporation,incorperation
incorruptible,incorruptable
incredible,increadible
incredible,incredable
incunabula,incunabla
indefinitely,indefinately
indefinitely,indefinitly
independence,independance
independence,independece
independent,independant
independent,indipendent
independent,indpendent
independently,indepedantly
independently,independantly
independently,indipendently
independently,indpendently
indict,indite
indispensable,indispensible
indisputable,indisputible
indisputably,indisputibly
indulge,indulgue
industrial,indutrial
inevitable,inevatible
inevitable,inevitible
infectious,infectuous
infiltrate,infilitrate
infiltrated,infilitrated
infinite,infinit
inflammation,inflamation
influenced,influented
influential,influencial
information,infomation
ingredients,ingreediants
inhabitant,habitant
inhabitants,habitants
initiation,initation
innocence,inocence
insistence,insistance
instance,instatance
instead,instade
institution,insitution
institutions,insitutions
integrated,intergrated
integration,intergration
intellectual,intelectual
intelligence,inteligence
intelligent,inteligent
interbreed,interbread
interchangeably,interchangably
interest,intrest
international,internation
interpret,interpet
interregnum,interrugum
interrelated,interelated
interrupt,interupt
into,inot
introduce,inctroduce
introduced,inctroduced
intuitive,intutive
intuitively,intutively
inventor,inventer
invertebrates,invertibrates
involvement,involvment
ironically,ironicly
irrelevant,irelevent
irresistible,iresistable
irresistible,iresistible
irresistible,irresistable
irresistibly,iresistably
irresistibly,iresistibly
irresistibly,irresistably
irritable,iritable
irritated,iritated
isn't,isnt
jeopardy,jeapardy
journeys,journies
judicial,judical
judiciary,judisuary
just,jstu
just,jsut
kindergarten,kindergarden
know,knwo
know,konw
know,kwno
know,nkow
know,nkwo
knowledge,knowlege
knowledgeable,knowledgable
knowledgeable,knowlegeable
knows,knwos
knows,konws
laboratory,labratory
laid,layed
language,laguage
languages,laguages
larvae,lavae
last,lsat
lavatory,labatory
life,lief
learn,leanr
learn,leran
learns,lerans
led,leaded
legitimate,legitamate
leisure,liesure
length,lenght
level,levle
levitate,levetate
levitated,levetated
levitates,levetates
levitating,levetating
libel,lible
libel,libell
library,libary
license,lisence
license,lisense
licensed,licenced
licensing,licencing
lieutenant,leutenant
like,liek
like,liuke
liked,liekd
likelihood,likelyhood
linguistic,libguistic
linguistics,libguistics
liquefy,liquify
literature,litature
literature,literture
little,littel
lively,livley
loneliness,lonelyness
lonely,lonley
only,lonly
losing,loosing
love,loev
love,lveo
love,lvoe
lying,lieing
marked,maked
magnolia,magolia
maintenance,maintainance
maintenance,maintainence
maintenance,maintance
maintenance,maintenence
majority,marjority
make,amke
make,mkae
make,mkea
makes,makse
makes,mkaes
making,amking
making,mkaing
mammal,mamal
mammalian,mamalian
management,managment
manufacture,manufature
manufactured,manufatured
manufacturing,manufaturing
wear,mear
marketing,marketting
marriage,marrage
marriage,marraige
married,marryied
mathematician,mathmatician
mathematicians,matheticians
mathematicians,mathmaticians
mathematics,mathamatics
medieval,medeival
medicine,medacine
member,memeber
mentioned,maintioned
messenger,messanger
metallic,metalic
metallurgic,metalurgic
metallurgical,metalurgical
metallurgy,metalurgy
metamorphosis,metamorphysis
midwives,midwifes
milieu,mileau
milieu,mileu
military,millitary
millennium,milennium
millennium,millenium
millipede,millepede
miniature,minature
ministry,ministery
minuscule,miniscule
miscellaneous,miscelaneous
miscellaneous,miscellanious
miscellaneous,miscellanous
mischievous,mischeivous
mischievous,mischevious
mischievous,mischievious
misogynist,mysogynist
misogyny,mysogyny
missile,missle
missile,misile
misspelling,mispelling
mizzen,missen
model,modle
moment,moent
monasteries,monestaries
monetary,monestary
money,moeny
monolithic,monolite
more,mroe
more,omre
mortgage,morgage
motivated,motiviated
movie,movei
mucous,mucuous
municipalities,muncipalities
municipality,muncipality
murder,muder
murdering,mudering
mussels,muscels
myriad,myraid
myself,mysef
mysterious,misterious
mysterious,misteryous
mysterious,mysterous
mystery,mistery
natural,naturual
naturally,naturaly
naturally,naturely
naturally,naturually
necessarily,neccesarily
necessarily,neccessarily
necessarily,necesarily
necessarily,nessasarily
necessary,neccesary
necessary,neccessary
necessary,necesary
need,ened
negligible,neglible
negligible,negligable
negotiate,negociate
negotiation,negociation
negotiation,negotation
next,enxt
niece,neice
nickel,nickle
nineteenth,ninteenth
ninety,ninty
ninth,nineth
one,noone
north,noth
northeastern,northereastern
northern,northen
northern,nothern
not,nto
note,onot
notable,noteable
notably,noteably
noticeable,noticable
noticeable,noticible
noticing,noticeing
notoriety,noteriety
nuclear,nucular
nuclear,nuculear
nuisance,nuisanse
nuisance,nusance
nutrient,nutritent
nutrients,nutritents
obedience,obediance
obedient,obediant
obstacle,obstacal
occasion,ocasion
occasion,ocassion
occasion,occassion
occasional,ocasional
occasional,ocassional
occasional,occassional
occasionally,ocasionally
occasionally,ocasionaly
occasionally,ocassionally
occasionally,occassionally
occasionally,occassionaly
occasioned,ocasioned
occasioned,ocassioned
occasioned,occassioned
occasions,ocasions
occasions,ocassions
occasions,occassions
occur,occurr
occur,ocurr
occurred,occured
occurred,ocurred
occurrence,occurance
occurrence,occurence
occurrence,occurrance
occurrence,ocurrance
occurrence,ocurrence
occurrences,occurances
occurrences,occurences
occurrences,occurrances
occurring,occuring
octahedral,octohedral
octahedron,octohedron
official,offical
officially,offically
officially,officaly
officially,officialy
omission,omision
omission,ommision
omitted,omited
omitted,ommited
omitted,ommitted
omitting,omiting
omitting,ommiting
omitting,ommitting
omnivorous,omniverous
omnivorously,omniverously
only,onyl
ophthalmic,opthalmic
ophthalmologist,opthalmologist
ophthalmologist,opthamologist
ophthalmology,opthalmology
opinion,oppinion
opponent,oponent
opportunity,oportunity
opposite,oposite
opposition,oposition
oppression,opression
oppressive,opressive
optimism,optomism
really,erally
origin,orgin
organism,organim
original,origional
originally,originaly
originally,originnally
originally,orignally
other,otehr
overshadowed,overshaddowed
overwhelming,overwelming
oxygen,oxigen
oxymoron,oximoron
paid,paide
paid,payed
place,palce
pamphlet,pamplet
pantomime,pantomine
parakeets,parrakeets
parallel,paralel
parallel,paralell
parallel,parralel
parallel,parrallel
parallel,parrallell
paraphernalia,paraphenalia
parenthesis,paranthesis
parliamentarian,paliamentarian
particular,parituclar
particularly,particularily
passed,pased
pastime,pasttime
pastoral,pastural
patented,pattented
peculiar,peculure
pejorative,perjorative
penalty,penatly
peninsula,penninsula
peninsular,penninsular
peninsula,pennisula
people,peopel
perceived,percepted
perceived,percieved
performance,performence
performs,performes
perhaps,perhasp
perhaps,perheaps
perhaps,perhpas
purpose,perphas
peripatetic,peripathetic
perjury,perjery
permanent,permenant
permissible,permissable
permission,premission
perpendicular,perpindicular
persistence,persistance
persistent,persistant
personnel,personel
personnel,personell
personnel,personnell
persuade,pursuade
persuaded,pursuaded
persuades,pursuades
persuading,pususading
perturbation,pertubation
perturbations,pertubations
petition,petetion
phenomena,phenonmena
phenomenal,phenomenonal
phenomenally,phenomenonly
phenomenon,phenomonenon
pheromone,feromone
philosopher,philisopher
philosophical,philisophical
philosophy,philisophy
phonetic,fonetic
phonograph,phongraph
piece,peice
pilgrimage,pilgrimmage
pilgrimages,pilgrimmages
pineapple,pinapple
pineapple,pinnaple
pitch,pich
plaintiff,plantiff
planned,planed
playwright,playwrite
playwrights,playwrites
pleasant,plesant
poem,peom
poems,peoms
poetry,peotry
program,progrom
programs,progroms
poison,poisin
pollinator,polinator
pollute,polute
polluted,poluted
pollutes,polutes
polluting,poluting
pollution,polution
pomegranate,pomegranite
popularity,popularaty
portrayed,protrayed
positron,positon
position,possition
position,postion
possess,posess
possessed,posessed
possesses,posesses
possesses,posseses
possessing,posessing
possessing,possesing
possession,posession
possession,possesion
possibility,possibilty
possible,possable
possibly,possably
power,pwoer
powerful,powerfull
practical,practial
practically,practially
practically,practicaly
practically,practicly
practitioner,practicioner
practitioners,practicioners
prairie,prairy
preamble,preample
precede,preceed
preceded,preceeded
precedes,preceeds
preceding,preceeding
precursor,precurser
predecessor,precedessor
prominently,prominately
preferably,preferrably
preferred,prefered
preferring,prefering
pregnancies,pregancies
premiere,premeire
premiered,premeired
preparation,prepartion
prepare,prepair
prerogative,perogative
presence,presense
presidential,presidental
prestigious,prestigeous
prestigious,prestigous
presumably,presumibly
prevalent,prevelant
previous,previvous
primitive,primative
primitively,primatively
primitives,primatives
primordial,primordal
principal,pricipal
principle,priciple
privilege,privelege
privilege,privelige
privilege,privilage
privilege,priviledge
privilege,privledge
privileged,priveleged
privileged,priveliged
privileges,priveledges
privileges,priveleges
privileges,priveliges
privileges,priviledges
protein,protem
probability,probalibity
probably,probablly
probably,probaly
problem,probelm
procedure,procedger
procedure,proceedure
proceed,procede
proceeded,proceded
proceeding,proceding
proceedings,procedings
process,proccess
processing,proccessing
proclaimed,proclamed
proclaiming,proclaming
proclamation,proclomation
profusion,profesion
profession,proffesion
professor,profesor
professor,proffesor
programmable,programable
prohibition,prohabition
prolegomena,prologomena
prolific,profilic
prominence,prominance
prominent,prominant
prominently,prominantly
promiscuous,promiscous
pronominal,pronomial
pronunciation,pronounciation
propaganda,propoganda
propagate,propogate
propagates,propogates
propeller,propellor
propellers,propellors
proper,propper
prophecy,prophacy
proportions,propotions
proprietary,propietary
proprietary,proprietory
proselytizing,proseletyzing
protagonist,protaganist
protagonists,protaganists
protuberance,protruberance
provided,provded
pseudonym,pseudonyn
pseudonymous,pseudononymous
psychic,psyhic
psychic,pyscic
psychology,psycology
publicly,publically
pumpkin,pumkin
purposely,purposedly
pursue,persue
pursuing,persuing
pursuit,persuit
putting,puting
quantity,quantaty
quantity,quantitiy
quarantine,quarantaine
quickly,quicklyu
quite,qtuie
quite,qutie
quizzes,quizes
rabbinical,rabinnical
rarefied,rarified
ratify,radify
real,rela
realized,relized
really,raelly
really,realy
really,realyl
really,relaly
recall,reacll
receded,receeded
receding,receeding
receipt,reciept
receive,recieve
received,recieved
receiver,reciever
receivers,recievers
receives,recieves
receiving,recieving
recipient,recepient
recipient,recipiant
recipients,recepients
recipients,recipiants
recognize,recogize
recommend,reccomend
recommend,reccommend
recommend,recomend
recommended,reccomended
recommended,reccommended
recommended,recomended
recommending,reccomending
recommending,reccommending
recommending,recomending
recommends,recomends
reconciliation,reconcilation
reconnaissance,reconaissance
reconnaissance,reconnaissence
record,recrod
recreational,recrational
recurring,reccuring
reevaluated,revaluated
reference,referrence
reference,refference
referral,referal
referred,refered
referred,reffered
referring,refering
refers,referrs
refrigerator,refridgerator
refusal,refusla
regardless,irregardless
regular,regluar
regularly,reguarly
regularly,regularily
rehearsal,rehersal
relationship,relatiopnship
relatively,relativly
relevance,relevence
relevant,relevent
relieve,releive
relieved,releived
religious,religeous
religious,religous
remember,remeber
remembrance,rememberance
remembrance,remembrence
reminiscent,reminescent
remnant,reminent
renown,reknown
renowned,reknowned
repetition,repatition
repentance,repentence
repentant,repentent
repetition,repetion
representative,representive
representatives,representives
required,recquired
resemblance,resemblence
resemblance,ressemblance
resemblance,ressemblence
resemble,ressemble
resembled,ressembled
resembling,ressembling
reside,recide
resided,recided
resident,recident
residents,recidents
residing,reciding
resistance,resistence
resistant,resistent
resistible,resistable
response,reponse
response,responce
responsibility,responnsibilty
responsible,reponsible
restaurant,restaraunt
restaurant,resteraunt
restraint,restraunt
restaurants,restaraunts
restaurants,resteraunts
restoration,restauration
resurrecting,resurecting
resurrection,ressurection
retaliated,retalitated
retaliation,retalitation
reversible,reversable
revolutionary,revolutionar
rewrite,rewriet
rhyme,rhymme
rhythm,rhythem
rhythm,rhythim
rhythm,rythem
rhythm,rythim
rhythm,rythm
ridiculous,rediculous
rigorous,rigourous
ringing,rininging
rococo,rococco
roommate,roomate
roughly,rougly
rule,rulle
sacrifice,sacrafice
safety,saftey
salary,salery
same,smae
sandwich,sandwhich
says,sasy
satellite,satelite
satellite,sattelite
satellites,satelites
satellites,sattelites
story,sotyr
says,syas
scalable,scaleable
schedule,schedual
scholastic,scholarstic
script,scirpt
script,scripot
scroll,scoll
succeed,seceed
succeeded,secceeded
succeeded,seceeded
secretary,secratary
secretary,secretery
size,sieze
sized,siezed
sizing,siezing
seizure,siezure
seizures,siezures
sense,sence
separate,seperate
separated,seperated
separately,seperately
separates,seperates
separating,seperating
separation,seperation
sergeant,sargant
several,severeal
severely,severley
shadow,shaddow
sheriff,sherif
shining,shineing
should,shoudl
shouldn't,shoudln
shouldn't,shouldnt
show,sohw
sidereal,sedereal
sidereal,sideral
siege,seige
signatories,signitories
signatory,signitory
significantly,signifantly
significantly,significently
similar,similiar
similar,simmilar
similarity,similiarity
similarly,similarily
simpler,simplier
simply,simpley
simultaneous,simultanous
since,sicne
sines,sinse
sincerely,sincerley
singsong,singsog
sneeze,snese
soldiers,soliders
soliloquy,soliliquy
solitary,solatary
some,smoe
some,soem
sophisticated,sophicated
sophisticated,suphisticated
sophomore,sophmore
sound,soudn
sounds,soudns
soup,suop
south,sourth
southern,sourthern
souvenir,souvenier
souvenirs,souveniers
sovereign,soverign
sovereignty,sovereignity
sovereignty,soverignity
specialized,speciallized
specify,specif
specimen,speciman
spectacular,spectauclar
speech,speach
spermatozoon,spermatozoan
sponsor,sponser
sponsored,sponzored
spontaneous,spontanous
spread,spreaded
strata,strat
statement,statment
stop,stpo
stories,storeis
stories,storise
story,sotry
story,stopry
story,stoyr
strand,strnad
strange,stange
strategic,startegic
strategies,startegies
strategies,stradegies
strategy,startegy
strategy,stradegy
strength,strenght
strengthen,strenghen
strengthen,strenghten
strengthened,strenghened
strengthened,strenghtened
strengthening,strenghening
strengthening,strenghtening
strenuous,strenous
strictest,strictist
stringent,stingent
strove,strived
strongest,stornegst
structure,stucture
structured,stuctured
stubbornness,stubborness
study,studdy
stylus,stilus
subpoena,sepina
subsidiary,subsidary
subsidiary,subsiduary
substance,substace
substantial,substatial
subterranean,subterranian
subtract,substract
subtracted,substracted
subtracting,substracting
subtraction,substraction
subtracts,substracts
succeed,suceed
succeeded,suceeded
succeeding,suceeding
succeeds,suceeds
success,sucess
successes,sucesses
successful,succesful
successful,successfull
successful,sucesful
successful,sucessfull
successfully,succesfully
successfully,succesfuly
successfully,sucesfully
successfully,sucesfuly
successfully,sucessfully
successfully,sucessfuly
succession,succesion
succession,sucesion
succession,sucession
successive,succesive
successive,sucessive
sufficient,sufficent
sufficiently,sufficently
suffrage,sufferage
summary,sumary
superintendent,superintendant
supersede,supercede
superseded,superceded
supplanted,surplanted
support,wupport
suppose,supose
supposed,suposed
supposedly,suposedly
supposes,suposes
supposing,suposing
suppress,supress
suppressed,supressed
suppressed,surpressed
suppresses,supresses
suppressing,supressing
surly,surley
surprise,suprise
surprise,suprize
surprise,surprize
surprised,suprised
surprised,suprized
surprised,surprized
surprising,suprising
surprising,suprizing
surprising,surprizing
surprisingly,suprisingly
surprisingly,suprizingly
surprisingly,surprizingly
surrounded,surrended
surreptitious,surrepetitious
surreptitious,surreptious
surreptitiously,surrepetitiously
surreptitiously,surreptiously
surround,suround
surrounded,surounded
surrounding,surounding
surroundings,suroundings
surrounds,surounds
surveyor,surveyer
survivors,survivers
susceptible,suseptible
swear,swaer
swears,swaers
swimming,swiming
symmetric,symmetral
symmetrical,symetrical
symmetrically,symetrically
symmetrically,symmetricaly
symmetry,symetry
synonymous,synonomous
syphilis,syphyllis
syrup,syrap
take,tkae
takes,tkaes
taking,tkaing
talked,talekd
talking,tlaking
targeted,targetted
targeting,targetting
taste,tast
tattoos,tattooes
taught,teached
taxonomic,taxanomic
taxonomy,taxanomy
technician,techician
technicians,techicians
temperament,temperment
temperate,temparate
temperature,temperture
tendencies,tendancies
tendency,tendancy
tentacle,tenacle
tentacles,tenacles
terrestrial,terrestial
territories,terriories
territory,terriory
terrorist,territorist
than,tahn
than,thna
that,taht
that,tath
that,thgat
that,thta
that,tyhat
the,tghe
there,ther
the,thge
the,tje
the,tjhe
their,theri
their,thier
themselves,themselfs
then,thne
theologian,theologist
these,theese
they,tehy
they,tyhe
thinking,thikning
thief,theif
thieves,theives
thing,thign
thing,thnig
things,thigns
things,thigsn
things,thnigs
think,thikn
think,thiunk
think,tihkn
thinks,thikns
third,thrid
this,thsi
this,tihs
thoroughly,throughly
those,thsoe
three,threee
threshold,threshhold
throughout,throught
through,thru
time,timne
tome,tiome
tobacco,tobbaco
today,todya
today's,todays
tolerance,tolerence
tomatoes,tomatos
tomorrow,tommorow
tomorrow,tommorrow
tonight,tongiht
touch,tourch
tornadoes,tornados
toroidal,toriodal
toward,towrad
town,twon
traditionally,traditionaly
traffic,trafic
trafficked,trafficed
transcendence,transcendance
transcendent,trancendent
transcendent,transcendant
transcendental,transcendentational
transcending,trancending
transcending,transending
transcription,transcripting
transferred,transfered
transferring,transfering
translator,translater
translators,translaters
transmissible,transmissable
tremolo,tremelo
trilogy,triology
troupes,troups
truly,truely
turnkey,turnk
tyranny,tyrany
tyranny,tyrrany
ubiquitous,ubiquitious
uncertainty,uncertainity
unconscious,unconcious
unconsciousness,unconciousness
unconventional,unconvential
undecidable,undecideable
unfortunately,unforetunately
unfortunately,unfortunatly
unilateral,unilatreal
unilaterally,unilatreally
universities,univeristies
universities,univesities
university,univeristy
university,univesity
unnecessarily,unneccesarily
unnecessarily,unneccessarily
unnecessarily,unnecesarily
unnecessary,unecessary
unnecessary,unneccessary
unnecessary,unnecesary
unpleasant,unplesant
unrepentant,unrepentent
used,unsed
unsubstantiated,unsubstanciated
unsuccessful,unsuccessfull
unsuccessful,unsucesful
unsuccessful,unsucessfull
unsuccessfully,unsucesfuly
unsuccessfully,unsucessfully
unsurprised,unsuprised
unsurprised,unsuprized
unsurprised,unsurprized
unsurprising,unsuprising
unsurprising,unsuprizing
unsurprising,unsurprizing
until,untill
unusable,unuseable
unwieldy,unweildly
unwieldy,unwieldly
usable,useable
use,useage
use,uise
useful,usefull
usefully,usefuly
using,useing
usually,usally
usually,usualy
vacuum,vaccum
vacuum,vaccume
valuable,valuble
valuable,valueable
varieties,varities
variety,varity
vegetable,vegitable
vegetables,vegitables
vengeance,vengance
venomous,venemous
verification,verfication
very,veyr
very,vrey
very,vyer
very,vyre
vicinity,vacinity
vigorous,vigourous
vilify,villify
villain,villian
villi,villin
visible,visable
visibly,visably
visiting,visting
volcano,volcanoe
volcanoes,volcanos
voluntary,volontary
volunteer,volonteer
volunteer,volounteer
volunteered,volonteered
volunteered,volounteered
volunteering,volonteering
volunteering,volounteering
volunteers,volonteers
volunteers,volounteers
want,watn
want,wnat
wanted,wnated
wants,wnats
warrant,warrent
was,wass
was,ws
wasn't,wasnt
weaponry,weaponary
whether,wether
weird,wierd
what,waht
what,whta
when,wehn
wherever,whereever
which,hwihc
which,whcih
which,whic
which,whihc
witch,wich
while,hwile
whole,hwole
whole,wohle
wild,weild
wielded,weilded
wife,wief
will,iwll
will,wiull
wintry,wintery
with,iwth
with,wiht
with,witht
with,wtih
withdrawal,withdrawl
within,withing
women's,womens
wont,wont
work,owrk
work,wokr
work,wrok
working,wokring
working,wroking
worsened,worstened
would,owudl
would,woudl
write,rwite
write,wriet
writing,wirting
written,writen
wrote,wroet
year,eyar
year,yera
years,eyasr
years,yeasr
years,yeras
years,yersa
